﻿designator,quantity,value,pack,mpn,mount_type
"C1, C2, C3",3,100uF,CP_Radial_D8.0mm_P3.50mm,,tht
"C4, C5, C6, C7",4,100n,C_0805_2012Metric_Custom,,smt
C8,1,100n C0G,C_1206_3216Metric_Custom,,smt
D1,1,SS110B,D_SMB,,smt
J1,1,Fan/NTC,ODS_CCBPM08MCC,,tht
J2,1,Solar Panel,ODS_CCBPM08MCC,,tht
Q1,1,DMN6075S,SOT-223_Custom_DiodesIncorporated,,smt
"R1, R10, R3",3,47k,C_0805_2012Metric_Custom,,smt
"R11, R2",2,33k,C_0805_2012Metric_Custom,,smt
R12,1,20R,C_0805_2012Metric_Custom,,smt
R13,1,220k,C_0805_2012Metric_Custom,,smt
R4,1,100k,C_0805_2012Metric_Custom,,smt
R5,1,12k,C_0805_2012Metric_Custom,,smt
R6,1,91k,C_0805_2012Metric_Custom,,smt
R7,1,130k,C_0805_2012Metric_Custom,,smt
R8,1,470k,C_0805_2012Metric_Custom,,smt
R9,1,2k,C_0805_2012Metric_Custom,,smt
RV1,1,B100k,Potentiometer_Trimmer_72PTR100KLF_Custom,,tht
U1,1,LM393,DIP-8_W7.62mm,,tht
Z1,1,BZX84B18LT1G (18V),SOT-23,,smt
