﻿pos_x,pos_y,rotation,side,designator,mpn,pack,value,mount_type,place
167.2,-64.0,-90.0,top,C1,,CP_Radial_D8.0mm_P3.50mm,100uF,tht,True
162.4,-71.947349,-90.0,top,C2,,CP_Radial_D8.0mm_P3.50mm,100uF,tht,True
171.6,-71.947349,-90.0,top,C3,,CP_Radial_D8.0mm_P3.50mm,100uF,tht,True
162.0,-88.0,-90.0,top,C4,,C_0805_2012Metric_Custom,100n,smt,True
172.0,-96.2,-90.0,top,C5,,C_0805_2012Metric_Custom,100n,smt,True
176.9,-93.5,-90.0,top,C6,,C_0805_2012Metric_Custom,100n,smt,True
162.0,-92.0,-90.0,top,C7,,C_0805_2012Metric_Custom,100n,smt,True
172.4,-81.4,180.0,top,C8,,C_1206_3216Metric_Custom,100n C0G,smt,True
184.6,-92.2,180.0,top,D1,,D_SMB,SS110B,smt,True
184.2,-99.599999,0.0,bottom,J1,,ODS_CCBPM08MCC,Fan/NTC,tht,True
184.2,-69.6,180.0,bottom,J2,,ODS_CCBPM08MCC,Solar Panel,tht,True
184.8,-84.5,0.0,top,Q1,,SOT-223_Custom_DiodesIncorporated,DMN6075S,smt,True
177.8,-79.6,0.0,top,R1,,C_0805_2012Metric_Custom,47k,smt,True
159.5,-88.0,-90.0,top,R10,,C_0805_2012Metric_Custom,47k,smt,True
177.8,-84.699999,0.0,top,R11,,C_0805_2012Metric_Custom,33k,smt,True
177.800001,-82.2,0.0,top,R12,,C_0805_2012Metric_Custom,20R,smt,True
176.9,-88.2,90.0,top,R13,,C_0805_2012Metric_Custom,220k,smt,True
159.5,-84.0,-90.0,top,R2,,C_0805_2012Metric_Custom,33k,smt,True
169.4,-96.2,90.0,top,R3,,C_0805_2012Metric_Custom,47k,smt,True
166.8,-96.2,-90.0,top,R4,,C_0805_2012Metric_Custom,100k,smt,True
179.4,-93.5,-90.0,top,R5,,C_0805_2012Metric_Custom,12k,smt,True
157.0,-88.0,-90.0,top,R6,,C_0805_2012Metric_Custom,91k,smt,True
159.5,-92.0,-90.0,top,R7,,C_0805_2012Metric_Custom,130k,smt,True
162.0,-84.0,90.0,top,R8,,C_0805_2012Metric_Custom,470k,smt,True
157.0,-84.0,-90.0,top,R9,,C_0805_2012Metric_Custom,2k,smt,True
168.853048,-111.2,-90.0,top,RV1,,Potentiometer_Trimmer_72PTR100KLF_Custom,B100k,tht,True
165.7,-84.7,0.0,top,U1,,DIP-8_W7.62mm,LM393,tht,True
160.6,-79.768764,180.0,top,Z1,,SOT-23,BZX84B18LT1G (18V),smt,True
